{
  "ann_return_net": -0.024916823299815455,
  "ann_vol": 0.06538226612951638,
  "sharpe_gross": -0.0879609550698565,
  "sharpe_net": -0.38109451958207563,
  "max_drawdown": -0.32544604047693126,
  "annual_turnover": 7.390816642090514,
  "skew": 0.3820878423186409,
  "psr": 0.08257702145432588,
  "dsr": 0.01266726629808721,
  "n_trials_assumed": 3,
  "n_days": 3378,
  "mean_rank_ic": 0.0052193075596077936,
  "ic_tstat_newey_west": 0.5406858893503705,
  "baseline_mom_sharpe_net": 0.03120143969323395,
  "baseline_ew_sharpe": 0.814789255634114,
  "beats_mom_baseline": false,
  "risk_market_corr": 0.19747105349529745,
  "risk_realized_beta_mean": 0.052292825225878845,
  "risk_realized_beta_p95_abs": 0.22670899922829332,
  "risk_ex_ante_beta_mean_abs": 0.008867882997950032,
  "risk_sector_net_mean_abs": 0.01970941010071371,
  "risk_sector_net_max_abs": 0.2276597838830504,
  "risk_n_sectors": 12
}