{
  "ann_return_net": 0.18029715708672003,
  "ann_vol": 0.12166491002506216,
  "sharpe_gross": 1.5653704720985924,
  "sharpe_net": 1.4819158379320712,
  "max_drawdown": -0.17316971709973383,
  "annual_turnover": 3.389643594161056,
  "skew": 0.044875052826401106,
  "psr": 0.9999843788854161,
  "dsr": 0.9999843788854161,
  "n_trials_assumed": 1,
  "n_days": 1992,
  "mean_rank_ic": 0.06286314099595566,
  "ic_tstat_newey_west": 2.0006101872547917,
  "baseline_mom_sharpe_net": 1.1895505148975456,
  "baseline_ew_sharpe": 0.5670940950643969,
  "beats_mom_baseline": true,
  "risk_market_corr": -0.008469247617211047,
  "risk_realized_beta_mean": -0.0015507342860414412,
  "risk_realized_beta_p95_abs": 0.029816964333037176,
  "risk_ex_ante_beta_mean_abs": 0.0016993455973561568,
  "risk_sector_net_mean_abs": 0.07459135252693029,
  "risk_sector_net_max_abs": 0.42197424967336994,
  "risk_n_sectors": 6
}