{
  "ann_return_net": 0.000805672227404197,
  "ann_vol": 0.09804755250593264,
  "sharpe_gross": 0.20290383081972108,
  "sharpe_net": 0.008217157968889102,
  "max_drawdown": -0.4118412125186026,
  "annual_turnover": 7.33766010486649,
  "skew": 0.33446048973789977,
  "psr": 0.5119996579085979,
  "dsr": 0.08745331390682365,
  "n_trials_assumed": 7,
  "n_days": 3378,
  "mean_rank_ic": 0.002842158137744073,
  "ic_tstat_newey_west": 0.2906654494874028,
  "scenario_delisting_return": 0.0,
  "scenario_names_injected": 29,
  "scenario_note": "SYNTHETIC delisting returns injected to bound the missing-delisting-return bias -- not a tradable result",
  "baseline_mom_sharpe_net": 0.031201602315131218,
  "baseline_ew_sharpe": 0.8147879418980473,
  "beats_mom_baseline": false,
  "baseline_mom_ic": 0.005118960469237123,
  "baseline_mom_ic_tstat_nw": 0.39588254351411817,
  "risk_market_corr": 0.28647027487826926,
  "risk_realized_beta_mean": 0.09769685123265572,
  "risk_realized_beta_p95_abs": 0.4166268893149964,
  "risk_ex_ante_beta_mean_abs": 0.16777976938139463,
  "risk_sector_net_mean_abs": 0.044504872537822406,
  "risk_sector_net_max_abs": 0.2727272727272727,
  "risk_n_sectors": 12
}