{
  "ann_return_net": -0.018767267101538827,
  "ann_vol": 0.05304339316429047,
  "sharpe_gross": -0.23540029394810374,
  "sharpe_net": -0.35380970149121616,
  "max_drawdown": -0.24365319701560006,
  "annual_turnover": 2.4311797175384005,
  "skew": 0.3569795574388285,
  "psr": 0.09857753130044761,
  "dsr": 0.009714309694618601,
  "n_trials_assumed": 4,
  "n_days": 3378,
  "mean_rank_ic": -0.02777419156748833,
  "ic_tstat_newey_west": -1.9504053275043671,
  "baseline_mom_sharpe_net": 0.02907927363293664,
  "baseline_ew_sharpe": 0.814789255634114,
  "beats_mom_baseline": false,
  "risk_market_corr": 0.09583723609998952,
  "risk_realized_beta_mean": 0.029240853295865364,
  "risk_realized_beta_p95_abs": 0.18480354616017047,
  "risk_ex_ante_beta_mean_abs": 0.012487273923160267,
  "risk_sector_net_mean_abs": 0.02111061010622453,
  "risk_sector_net_max_abs": 0.2443267981860523,
  "risk_n_sectors": 12
}