{
  "ann_return_net": 0.0013789816385114547,
  "ann_vol": 0.09796677303899122,
  "sharpe_gross": 0.20901083908306536,
  "sharpe_net": 0.014076013690505188,
  "max_drawdown": -0.4108049058862464,
  "annual_turnover": 7.340236934707778,
  "skew": 0.3350490965667535,
  "psr": 0.5205507064175255,
  "dsr": 0.09089929582476314,
  "n_trials_assumed": 7,
  "n_days": 3378,
  "mean_rank_ic": 0.0028446822995927745,
  "ic_tstat_newey_west": 0.29096088349384647,
  "scenario_delisting_return": -0.3,
  "scenario_names_injected": 29,
  "scenario_note": "SYNTHETIC delisting returns injected to bound the missing-delisting-return bias -- not a tradable result",
  "baseline_mom_sharpe_net": 0.031201602315131218,
  "baseline_ew_sharpe": 0.8139324344202497,
  "beats_mom_baseline": false,
  "baseline_mom_ic": 0.005117024490418856,
  "baseline_mom_ic_tstat_nw": 0.39573827674791323,
  "risk_market_corr": 0.2856825589410559,
  "risk_realized_beta_mean": 0.09682041660381846,
  "risk_realized_beta_p95_abs": 0.41662688931499525,
  "risk_ex_ante_beta_mean_abs": 0.16762628616697003,
  "risk_sector_net_mean_abs": 0.044469801663249015,
  "risk_sector_net_max_abs": 0.2727272727272727,
  "risk_n_sectors": 12
}