{
  "ann_return_net": -0.04334601591490701,
  "ann_vol": 0.055945829404241074,
  "sharpe_gross": -0.6086400338371982,
  "sharpe_net": -0.7747854733139605,
  "max_drawdown": -0.44472502877751074,
  "annual_turnover": 3.4612458407082323,
  "skew": 0.058616287457279925,
  "psr": 0.0027683230697660766,
  "dsr": 3.708762480529839e-05,
  "n_trials_assumed": 5,
  "n_days": 3253,
  "mean_rank_ic": 0.02248910947686669,
  "ic_tstat_newey_west": 1.914553229036335,
  "baseline_mom_sharpe_net": -0.051277557762891834,
  "baseline_ew_sharpe": 0.7776529783707036,
  "beats_mom_baseline": false,
  "risk_market_corr": -0.09362198077139137,
  "risk_realized_beta_mean": -0.050335839099195034,
  "risk_realized_beta_p95_abs": 0.1914047764210215,
  "risk_ex_ante_beta_mean_abs": 0.0071463874565621715,
  "risk_sector_net_mean_abs": 0.033832733425137006,
  "risk_sector_net_max_abs": 0.2635711642400651,
  "risk_n_sectors": 12
}