{
  "ann_return_net": 0.11841179224186371,
  "ann_vol": 0.14431444159979637,
  "sharpe_gross": 0.8903191013071778,
  "sharpe_net": 0.8205124236300326,
  "max_drawdown": -0.29278459541683977,
  "annual_turnover": 3.8098693759071116,
  "skew": -0.12432094017190896,
  "psr": 0.9979838774127854,
  "dsr": 0.9431635557520867,
  "n_trials_assumed": 6,
  "n_days": 3126,
  "mean_rank_ic": 0.03330961848233874,
  "ic_tstat_newey_west": 2.2150921826352987,
  "baseline_mom_sharpe_net": 0.3432042677792508,
  "baseline_ew_sharpe": 1.0039151170402099,
  "beats_mom_baseline": true,
  "risk_market_corr": 0.4419159135504331,
  "risk_realized_beta_mean": 0.43869737505530715,
  "risk_realized_beta_p95_abs": 0.8861145119037582,
  "risk_ex_ante_beta_mean_abs": 0.40778679197948686,
  "risk_sector_net_mean_abs": 0.0,
  "risk_sector_net_max_abs": 0.0,
  "risk_n_sectors": 1
}