{
  "ann_return_net": -0.011849960608462655,
  "ann_vol": 0.04234929861202983,
  "sharpe_gross": 0.08810991397386245,
  "sharpe_net": -0.27981480205900106,
  "max_drawdown": -0.22579831437333642,
  "annual_turnover": 5.771806220598058,
  "skew": -0.01904099769934418,
  "psr": 0.15739579639796825,
  "dsr": 0.008382364627564259,
  "n_trials_assumed": 7,
  "n_days": 3253,
  "mean_rank_ic": 0.009342779224095895,
  "ic_tstat_newey_west": 1.2065116111893035,
  "baseline_mom_sharpe_net": -0.051277557762891834,
  "baseline_ew_sharpe": 0.7776529783707036,
  "beats_mom_baseline": false,
  "risk_market_corr": 0.0070089731539256,
  "risk_realized_beta_mean": 0.0025797992369971617,
  "risk_realized_beta_p95_abs": 0.11658915508353436,
  "risk_ex_ante_beta_mean_abs": 0.004503605870242905,
  "risk_sector_net_mean_abs": 0.024659768879285223,
  "risk_sector_net_max_abs": 0.4433359307403098,
  "risk_n_sectors": 12
}