{
  "ann_return_net": -0.11876262356886196,
  "ann_vol": 0.2361606289904534,
  "sharpe_gross": -0.4491499809958582,
  "sharpe_net": -0.5028891736804396,
  "max_drawdown": -0.8334903178932113,
  "annual_turnover": 4.241999999999999,
  "skew": -0.329003753195254,
  "psr": 0.07776221329293034,
  "dsr": 0.00043487354008937167,
  "n_trials_assumed": 20,
  "n_days": 1992,
  "mean_rank_ic": -0.019925111472763598,
  "ic_tstat_newey_west": -0.6437811934195227,
  "baseline_mom_sharpe_net": 0.19207610924306542,
  "baseline_ew_sharpe": 0.5668237883099094,
  "beats_mom_baseline": false,
  "baseline_mom_ic": -0.011628538791639654,
  "baseline_mom_ic_tstat_nw": -0.39779140450195444,
  "risk_market_corr": -0.13938738629582847,
  "risk_realized_beta_mean": -0.032235799988603625,
  "risk_realized_beta_p95_abs": 0.32323812129088103,
  "risk_ex_ante_beta_mean_abs": 0.1894268117859836,
  "risk_sector_net_mean_abs": 0.08386349684692225,
  "risk_sector_net_max_abs": 0.3333333333333333,
  "risk_n_sectors": 6
}