{
  "ann_return_net": 0.08979356094557209,
  "ann_vol": 0.17284931309282386,
  "sharpe_gross": 0.6072750357154876,
  "sharpe_net": 0.5194904124227036,
  "max_drawdown": -0.37610760260014764,
  "annual_turnover": 4.969999999999999,
  "skew": -0.060085364793263187,
  "psr": 0.9275777945036642,
  "dsr": 0.9275777945036642,
  "n_trials_assumed": 1,
  "n_days": 1992,
  "mean_rank_ic": 0.03663830781919139,
  "ic_tstat_newey_west": 1.8780323019023386,
  "baseline_mom_sharpe_net": 1.1895505148975456,
  "baseline_ew_sharpe": 0.5670940950643969,
  "beats_mom_baseline": false,
  "risk_market_corr": -0.03819333353762265,
  "risk_realized_beta_mean": -0.005580982566975948,
  "risk_realized_beta_p95_abs": 0.22640195014912734,
  "risk_ex_ante_beta_mean_abs": 0.1208289286008908,
  "risk_sector_net_mean_abs": 0.08873263016909426,
  "risk_sector_net_max_abs": 0.3333333333333333,
  "risk_n_sectors": 6
}