{
  "ann_return_net": -0.005672628025652417,
  "ann_vol": 0.04655005992012408,
  "sharpe_gross": 0.19371388432987288,
  "sharpe_net": -0.12186081039178386,
  "max_drawdown": -0.27088539189091443,
  "annual_turnover": 5.436701676729423,
  "skew": -0.12697711301598996,
  "psr": 0.3307062629566335,
  "dsr": 0.04106128836062504,
  "n_trials_assumed": 6,
  "n_days": 3253,
  "mean_rank_ic": 0.007674050619056881,
  "ic_tstat_newey_west": 0.7976588707749735,
  "baseline_mom_sharpe_net": -0.051277557762891834,
  "baseline_ew_sharpe": 0.7776529783707036,
  "beats_mom_baseline": false,
  "risk_market_corr": -0.05015555250444817,
  "risk_realized_beta_mean": -0.02380200656646572,
  "risk_realized_beta_p95_abs": 0.13763697494582533,
  "risk_ex_ante_beta_mean_abs": 0.006535295302850517,
  "risk_sector_net_mean_abs": 0.04394184310474306,
  "risk_sector_net_max_abs": 0.4570250336632387,
  "risk_n_sectors": 12
}