{
  "ann_return_net": 0.18975848096627299,
  "ann_vol": 0.21947997760825153,
  "sharpe_gross": 0.8945730869168985,
  "sharpe_net": 0.8645821957617098,
  "max_drawdown": -0.4419647000616047,
  "annual_turnover": 2.1699999999999995,
  "skew": -0.31061737430155073,
  "psr": 0.991946199409908,
  "dsr": 0.991946199409908,
  "n_trials_assumed": 1,
  "n_days": 1992,
  "mean_rank_ic": 0.06286314099595566,
  "ic_tstat_newey_west": 2.0006101872547917,
  "baseline_mom_sharpe_net": 1.1895505148975456,
  "baseline_ew_sharpe": 0.5670940950643969,
  "beats_mom_baseline": false,
  "baseline_mom_ic": 0.07527920013054773,
  "baseline_mom_ic_tstat_nw": 2.5580618041479553,
  "risk_market_corr": -0.13703983881518622,
  "risk_realized_beta_mean": -0.024585997268649126,
  "risk_realized_beta_p95_abs": 0.3224258623901899,
  "risk_ex_ante_beta_mean_abs": 0.17578440302258647,
  "risk_sector_net_mean_abs": 0.08708633294268653,
  "risk_sector_net_max_abs": 0.3333333333333333,
  "risk_n_sectors": 6
}