{
  "ann_return_net": -0.03497100731765341,
  "ann_vol": 0.14895237119932211,
  "sharpe_gross": -0.1292998196677557,
  "sharpe_net": -0.2347797959581094,
  "max_drawdown": -0.4025275990051487,
  "annual_turnover": 5.229,
  "skew": -0.01170400206273957,
  "psr": 0.25465141389482604,
  "dsr": 0.005231439973346478,
  "n_trials_assumed": 20,
  "n_days": 1992,
  "mean_rank_ic": -0.001667012147701231,
  "ic_tstat_newey_west": -0.10369904670498273,
  "baseline_mom_sharpe_net": 0.19207610924306526,
  "baseline_ew_sharpe": 0.5668237883099094,
  "beats_mom_baseline": false,
  "risk_market_corr": 0.03229586099297945,
  "risk_realized_beta_mean": 0.006825297233126257,
  "risk_realized_beta_p95_abs": 0.18637758763014192,
  "risk_ex_ante_beta_mean_abs": 0.0938184576277289,
  "risk_sector_net_mean_abs": 0.08011049723756904,
  "risk_sector_net_max_abs": 0.3333333333333333,
  "risk_n_sectors": 6
}